,Imp,Perf
0,арестовывать,арестовать
1,благословлять,благословить
2,благоустраивать,благоустроить
3,бросать,бросить
4,бросаться,броситься
5,вбегать,вбежать
6,вбивать,вбить
7,вбирать,вобрать
8,вбрасывать,вбросить
9,ввергать,ввергнуть
10,вверять,вверить
11,вводить,ввести
12,ввозить,ввезти
13,ввязываться,ввязаться
14,вгонять,вогнать
15,вдаваться,вдаться
16,вдавливать,вдавить
17,вдохновлять,вдохновить
18,вдохновляться,вдохновиться
19,вдыхать,вдохнуть
20,вживаться,вжиться
21,вживлять,вживить
22,взбивать,взбить
23,взбираться,взобраться
24,взваливать,взвалить
25,взвешивать,взвесить
26,взвинчивать,взвинтить
27,взводить,взвести
28,вздрагивать,вздрогнуть
29,вздыхать,вздохнуть
30,взламывать,взломать
31,взлетать,взлететь
32,взмахивать,взмахнуть
33,взмывать,взмыть
34,взращивать,взрастить
35,взрезать,взрезать
36,взрывать,взорвать
37,взрываться,взорваться
38,взывать,воззвать
39,взыскивать,взыскать
40,видоизменять,видоизменить
41,видоизменяться,видоизмениться
42,вкалывать,вколоть
43,вкладывать,вложить
44,вклеивать,вклеить
45,вклиниваться,вклиниться
46,включать,включить
47,включаться,включиться
48,вкушать,вкусить
49,вламываться,вломиться
50,влезать,влезть
51,влетать,влететь
52,вливать,влить
53,вливаться,влиться
54,влюблять,влюбить
55,влюбляться,влюбиться
56,вменять,вменить
57,вмешиваться,вмешаться
58,вмещать,вместить
59,вмещаться,вместиться
60,внедрять,внедрить
61,внедряться,внедриться
62,вникать,вникнуть
63,внимать,внять
64,вносить,внести
65,внушать,внушить
66,вовлекать,вовлечь
67,вовлекаться,вовлечься
68,водружать,водрузить
69,возбуждать,возбудить
70,возбуждаться,возбудиться
71,возвеличивать,возвеличить
72,возвещать,возвестить
73,возводить,возвести
74,возвращать,возвратить
75,возвращаться,возвратиться
76,возвышать,возвысить
77,возвышаться,возвыситься
78,возглавлять,возглавить
79,возгораться,возгореться
80,воздавать,воздать
81,воздвигать,воздвигнуть
82,возделывать,возделать
83,воздерживаться,воздержаться
84,возлагать,возложить
85,возмещать,возместить
86,возмущать,возмутить
87,возмущаться,возмутиться
88,вознаграждать,вознаградить
89,возникать,возникнуть
90,возносить,вознести
91,возноситься,вознестись
92,возобновлять,возобновить
93,возобновляться,возобновиться
94,возражать,возразить
95,возрастать,возрасти
96,возрождать,возродить
97,возрождаться,возродиться
98,вонзать,вонзить
99,вонзаться,вонзиться
100,воображать,вообразить
101,воодушевлять,воодушевить
102,вооружать,вооружить
103,вооружаться,вооружиться
104,воплощать,воплотить
105,воплощаться,воплотиться
106,вопрошать,вопросить
107,восклицать,воскликнуть
108,воскресать,воскреснуть
109,воскрешать,воскресить
110,воспевать,воспеть
111,воспитывать,воспитать
112,воспламенять,воспламенить
113,воспламеняться,воспламениться
114,восполнять,восполнить
115,воспрещать,воспретить
116,воспринимать,воспринять
117,воспроизводить,воспроизвести
118,воссоединять,воссоединить
119,воссоединяться,воссоединиться
120,воссоздавать,воссоздать
121,восставать,восстать
122,восстанавливать,восстановить
123,восстанавливаться,восстановиться
124,восхищать,восхитить
125,восхищаться,восхититься
126,восходить,взойти
127,воцаряться,воцариться
128,впадать,впасть
129,впиваться,впиться
130,вписывать,вписать
131,вписываться,вписаться
132,впитывать,впитать
133,вплетать,вплести
134,впрыскивать,впрыснуть
135,впускать,впустить
136,врастать,врасти
137,врезать,врезать
138,врезаться,врезаться
139,вручать,вручить
140,врываться,ворваться
141,вселять,вселить
142,вселяться,вселиться
143,вскакивать,вскочить
144,вскармливать,вскормить
145,вскидывать,вскинуть
146,вскрикивать,вскрикнуть
147,вскрывать,вскрыть
148,вскрываться,вскрыться
149,вспарывать,вспороть
150,вспахивать,вспахать
151,всплывать,всплыть
152,вспоминать,вспомнить
153,вспоминаться,вспомниться
154,вспыхивать,вспыхнуть
155,вставать,встать
156,вставлять,вставить
157,встраивать,встроить
158,встраиваться,встроиться
159,встречать,встретить
160,встречаться,встретиться
161,встряхивать,встряхнуть
162,вступать,вступить
163,вступаться,вступиться
164,всходить,взойти
165,всыпать,всыпать
166,втираться,втереться
167,вторгаться,вторгнуться
168,втыкать,воткнуть
169,втыкаться,воткнуться
170,втягивать,втянуть
171,втягиваться,втянуться
172,входить,войти
173,вцепляться,вцепиться
174,вшивать,вшить
175,въезжать,въехать
176,выбегать,выбежать
177,выбивать,выбить
178,выбиваться,выбиться
179,выбирать,выбрать
180,выбираться,выбраться
181,выбрасывать,выбросить
182,выбрасываться,выброситься
183,выбывать,выбыть
184,вываливать,вывалить
185,вываливаться,вывалиться
186,вываливаться,вываляться
187,выведывать,выведать
188,выверять,выверить
189,выветриваться,выветриться
190,вывешивать,вывесить
191,вывешивать,вывешить
192,выводить,вывести
193,вывозить,вывезти
194,выворачивать,вывернуть
195,выворачивать,выворотить
196,выворачиваться,вывернуться
197,выгибать,выгнуть
198,выглядывать,выглядеть
199,выглядывать,выглянуть
200,выговаривать,выговорить
201,выгонять,выгнать
202,выгораживать,выгородить
203,выгорать,выгореть
204,выгружать,выгрузить
205,выгуливать,выгулять
206,выдавать,выдать
207,выдаваться,выдаться
208,выдавливать,выдавить
209,выдалбливать,выдолбить
210,выдвигать,выдвинуть
211,выдвигаться,выдвинуться
212,выдворять,выдворить
213,выделывать,выделать
214,выделять,выделить
215,выделяться,выделиться
216,выдергивать,выдернуть
217,выдерживать,выдержать
218,выдирать,выдрать
219,выдумывать,выдумать
220,выдыхать,выдохнуть
221,выдыхаться,выдохнуться
222,выезжать,выехать
223,выживать,выжить
224,выжигать,выжечь
225,выжидать,выждать
226,выжимать,выжать
227,вызволять,вызволить
228,выздоравливать,выздороветь
229,вызревать,вызреть
230,вызывать,вызвать
231,вызываться,вызваться
232,выигрывать,выиграть
233,выказывать,выказать
234,выкалывать,выколоть
235,выкапывать,выкопать
236,выкармливать,выкормить
237,выкатывать,выкатить
238,выкатываться,выкатиться
239,выкачивать,выкачать
240,выкидывать,выкинуть
241,выкладывать,выложить
242,выкладываться,выложиться
243,выключать,выключить
244,выключаться,выключиться
245,выковывать,выковать
246,выкорчевывать,выкорчевать
247,выкрадывать,выкрасть
248,выкрикивать,выкрикнуть
249,выкручивать,выкрутить
250,выкручиваться,выкрутиться
251,выкупать,выкупить
252,выкуривать,выкурить
253,вылавливать,выловить
254,выламывать,выломать
255,выламывать,выломить
256,вылезать,вылезти
257,вылезать,вылезть
258,вылетать,вылететь
259,вылечивать,вылечить
260,выливать,вылить
261,выливаться,вылиться
262,вылизывать,вылизать
263,вылупливаться,вылупиться
264,вымаливать,вымолить
265,выманивать,выманить
266,выматывать,вымотать
267,вымачивать,вымочить
268,выменивать,выменять
269,вымещать,выместить
270,вымирать,вымереть
271,вымывать,вымыть
272,вынашивать,выносить
273,вынимать,вынуть
274,выносить,вынести
275,вынуждать,вынудить
276,выныривать,вынырнуть
277,выпадать,выпасть
278,выпекать,выпечь
279,выпивать,выпить
280,выпиливать,выпилить
281,выписывать,выписать
282,выписываться,выписаться
283,выплавлять,выплавить
284,выплачивать,выплатить
285,выплевывать,выплюнуть
286,выплескивать,выплеснуть
287,выплескиваться,выплеснуться
288,выплывать,выплыть
289,выползать,выползти
290,выполнять,выполнить
291,выполняться,выполниться
292,выправлять,выправить
293,выправляться,выправиться
294,выпрашивать,выпросить
295,выпроваживать,выпроводить
296,выпрыгивать,выпрыгнуть
297,выпрямлять,выпрямить
298,выпрямляться,выпрямиться
299,выпускать,выпустить
300,выпутываться,выпутаться
301,выпытывать,выпытать
302,вырабатывать,выработать
303,вырабатываться,выработаться
304,выравнивать,выровнять
305,выравниваться,выровняться
306,выражать,выразить
307,выражаться,выразиться
308,вырастать,вырасти
309,выращивать,вырастить
310,вырезать,вырезать
311,вырезаться,вырезаться
312,вырождаться,выродиться
313,вырубать,вырубить
314,выруливать,вырулить
315,выручать,выручить
316,вырывать,вырвать
317,вырывать,вырыть
318,вырываться,вырваться
319,высаживать,высадить
320,высаживаться,высадиться
321,высасывать,высосать
322,высвечивать,высветить
323,высвобождать,высвободить
324,высвобождаться,высвободиться
325,высекать,высечь
326,выселять,выселить
327,выселяться,выселиться
328,высиживать,высидеть
329,высказывать,высказать
330,высказываться,высказаться
331,выскакивать,выскочить
332,выскальзывать,выскользнуть
333,выслеживать,выследить
334,выслушивать,выслушать
335,высмеивать,высмеять
336,высовывать,высунуть
337,высовываться,высунуться
338,выставлять,выставить
339,выстаивать,выстоять
340,выстилать,выстлать
341,выстраивать,выстроить
342,выстраиваться,выстроиться
343,выстреливать,выстрелить
344,выступать,выступить
345,высушивать,высушить
346,высчитывать,высчитать
347,высылать,выслать
348,высыпать,высыпать
349,высыпаться,выспаться
350,высыпаться,высыпаться
351,высыхать,высохнуть
352,выталкивать,вытолкать
353,выталкивать,вытолкнуть
354,вытаптывать,вытоптать
355,вытаскивать,вытащить
356,вытачивать,выточить
357,вытекать,вытечь
358,вытеснять,вытеснить
359,вытирать,вытереть
360,вытягивать,вытянуть
361,вытягиваться,вытянуться
362,выучивать,выучить
363,выхаживать,выходить
364,выхватывать,выхватить
365,выходить,выйти
366,выхолащивать,выхолостить
367,выцветать,выцвести
368,вычеркивать,вычеркнуть
369,вычислять,вычислить
370,вычитать,вычесть
371,вычитывать,вычитать
372,вычищать,вычистить
373,вычленять,вычленить
374,вышвыривать,вышвырнуть
375,вышивать,вышить
376,выявлять,выявить
377,выявляться,выявиться
378,выяснять,выяснить
379,выясняться,выясниться
380,давать,дать
381,даваться,даться
382,девать,деть
383,деваться,деться
384,дерзать,дерзнуть
385,добавлять,добавить
386,добавляться,добавиться
387,добегать,добежать
388,добивать,добить
389,добиваться,добиться
390,добирать,добрать
391,добираться,добраться
392,добывать,добыть
393,довершать,довершить
394,доверять,доверить
395,доверяться,довериться
396,доводить,довести
397,доводиться,довестись
398,довозить,довезти
399,догадываться,догадаться
400,договариваться,договориться
401,догонять,догнать
402,доделывать,доделать
403,додумывать,додумать
404,доезжать,доехать
405,доживать,дожить
406,дожимать,дожать
407,дозваниваться,дозвониться
408,дозволять,дозволить
409,доигрывать,доиграть
410,доказывать,доказать
411,докладывать,доложить
412,докупать,докупить
413,долетать,долететь
414,доносить,донести
415,доноситься,донестись
416,дописывать,дописать
417,доплачивать,доплатить
418,доплывать,доплыть
419,дополнять,дополнить
420,дополняться,дополниться
421,допрашивать,допросить
422,допускать,допустить
423,дорабатывать,доработать
424,дорисовывать,дорисовать
425,досаждать,досадить
426,досматривать,досмотреть
427,доставать,достать
428,доставаться,достаться
429,доставлять,доставить
430,достигать,достигнуть
431,достигать,достичь
432,достраивать,достроить
433,дотрагиваться,дотронуться
434,дотягивать,дотянуть
435,дотягиваться,дотянуться
436,доучиваться,доучиться
437,доходить,дойти
438,забегать,забежать
439,забивать,забить
440,забиваться,забиться
441,забирать,забрать
442,забираться,забраться
443,заболевать,заболеть
444,забрасывать,забросать
445,забрасывать,забросить
446,забредать,забрести
447,забывать,забыть
448,забываться,забыться
449,заваливать,завалить
450,заваливаться,завалиться
451,заваривать,заварить
452,завершать,завершить
453,завершаться,завершиться
454,заверять,заверить
455,завешивать,завесить
456,завивать,завить
457,зависать,зависнуть
458,завладевать,завладеть
459,завлекать,завлечь
460,заводить,завести
461,заводиться,завестись
462,завоевывать,завоевать
463,завозить,завезти
464,заволакивать,заволочь
465,завораживать,заворожить
466,заворачивать,завернуть
467,заворачиваться,завернуться
468,завышать,завысить
469,завязать,завязнуть
470,завязывать,завязать
471,завязываться,завязаться
472,загадывать,загадать
473,загибать,загнуть
474,заглушать,заглушить
475,заглядывать,заглянуть
476,заговаривать,заговорить
477,загонять,загнать
478,загораживать,загородить
479,загораться,загореться
480,заготавливать,заготовить
481,заготовлять,заготовить
482,загружать,загрузить
483,загружаться,загрузиться
484,загрязнять,загрязнить
485,задавать,задать
486,задаваться,задаться
487,задевать,задеть
488,заделывать,заделать
489,задерживать,задержать
490,задерживаться,задержаться
491,задирать,задрать
492,задувать,задуть
493,задумывать,задумать
494,задумываться,задуматься
495,задыхаться,задохнуться
496,заедать,заесть
497,заезжать,заехать
498,заживать,зажить
499,зажигать,зажечь
500,зажигаться,зажечься
501,зажимать,зажать
502,зазывать,зазвать
503,заигрывать,заиграть
504,заикаться,заикнуться
505,заинтересовывать,заинтересовать
506,заинтересовываться,заинтересоваться
507,заказывать,заказать
508,закалывать,заколоть
509,закалять,закалить
510,заканчивать,закончить
511,заканчиваться,закончиться
512,закапывать,закопать
513,закапываться,закопаться
514,закатывать,закатать
515,закатывать,закатить
516,закатываться,закатиться
517,закачивать,закачать
518,закидывать,закидать
519,закидывать,закинуть
520,закипать,закипеть
521,закладывать,заложить
522,заклеивать,заклеить
523,заклинивать,заклинить
524,заключать,заключить
525,заковывать,заковать
526,заколачивать,заколотить
527,закрашивать,закрасить
528,закреплять,закрепить
529,закрепляться,закрепиться
530,закручивать,закрутить
531,закручиваться,закрутиться
532,закрывать,закрыть
533,закрываться,закрыться
534,закупать,закупить
535,закупоривать,закупорить
536,закуривать,закурить
537,закусывать,закусить
538,заламывать,заломить
539,залегать,залечь
540,залезать,залезть
541,залетать,залететь
542,залечивать,залечить
543,заливать,залить
544,замазывать,замазать
545,замалчивать,замолчать
546,заманивать,заманить
547,замахиваться,замахнуться
548,замачивать,замочить
549,замедлять,замедлить
550,замедляться,замедлиться
551,заменять,заменить
552,заменяться,замениться
553,замерзать,замерзнуть
554,замерять,замерить
555,заметать,замести
556,замечать,заметить
557,замешивать,замесить
558,замещать,заместить
559,замирать,замереть
560,замолкать,замолкнуть
561,замораживать,заморозить
562,замуровывать,замуровать
563,замыкать,замкнуть
564,замыкаться,замкнуться
565,замышлять,замыслить
566,занижать,занизить
567,занимать,занять
568,заниматься,заняться
569,заносить,занести
570,заострять,заострить
571,запаздывать,запоздать
572,запасать,запасти
573,запасаться,запастись
574,запевать,запеть
575,запекать,запечь
576,запечатлевать,запечатлеть
577,запечатывать,запечатать
578,запивать,запить
579,запинаться,запнуться
580,запирать,запереть
581,запираться,запереться
582,записывать,записать
583,записываться,записаться
584,запихивать,запихать
585,запихивать,запихнуть
586,заплетать,заплести
587,заплывать,заплыть
588,заползать,заползти
589,заполнять,заполнить
590,заполняться,заполниться
591,запоминать,запомнить
592,запоминаться,запомниться
593,заправлять,заправить
594,заправляться,заправиться
595,запрашивать,запросить
596,запрещать,запретить
597,запрыгивать,запрыгнуть
598,запрягать,запрячь
599,запугивать,запугать
600,запускать,запустить
601,запутывать,запутать
602,запутываться,запутаться
603,зарабатывать,заработать
604,заражать,заразить
605,заражаться,заразиться
606,зарастать,зарасти
607,зарисовывать,зарисовать
608,зарождаться,зародиться
609,заручаться,заручиться
610,зарывать,зарыть
611,зарываться,зарваться
612,зарываться,зарыться
613,заряжать,зарядить
614,заряжаться,зарядиться
615,засасывать,засосать
616,засевать,засеять
617,заседать,засесть
618,засекать,засечь
619,засекречивать,засекретить
620,заселять,заселить
621,заселяться,заселиться
622,засиживаться,засидеться
623,заслонять,заслонить
624,заслуживать,заслужить
625,заслушивать,заслушать
626,засовывать,засунуть
627,засорять,засорить
628,заставать,застать
629,заставлять,заставить
630,застаиваться,застояться
631,застегивать,застегнуть
632,застилать,застелить
633,застраивать,застроить
634,застревать,застрять
635,застреливать,застрелить
636,заступать,заступить
637,заступаться,заступиться
638,застывать,застыть
639,засчитывать,засчитать
640,засылать,заслать
641,засыпать,заснуть
642,засыпать,засыпать
643,засыпаться,засыпаться
644,засыхать,засохнуть
645,заталкивать,затолкать
646,затапливать,затопить
647,затаскивать,затаскать
648,затаскивать,затащить
649,затачивать,заточить
650,затвердевать,затвердеть
651,затевать,затеять
652,затемнять,затемнить
653,затенять,затенить
654,затихать,затихнуть
655,затмевать,затмить
656,затоплять,затопить
657,затормаживать,затормозить
658,заточать,заточить
659,затрагивать,затронуть
660,затрачивать,затратить
661,затруднять,затруднить
662,затрудняться,затрудниться
663,затухать,затухнуть
664,затыкать,заткнуть
665,затягивать,затянуть
666,затягиваться,затянуться
667,заучивать,заучить
668,захватывать,захватить
669,захлебываться,захлебнуться
670,захлестывать,захлестнуть
671,захлопывать,захлопнуть
672,захлопываться,захлопнуться
673,заходить,зайти
674,зацветать,зацвести
675,зацикливаться,зациклиться
676,зачислять,зачислить
677,зачитывать,зачесть
678,зачитывать,зачитать
679,зачищать,зачистить
680,зашивать,зашить
681,зашифровывать,зашифровать
682,защищать,защитить
683,защищаться,защититься
684,заявлять,заявить
685,заявляться,заявиться
686,злоупотреблять,злоупотребить
687,избавлять,избавить
688,избавляться,избавиться
689,избегать,избегнуть
690,избегать,избежать
691,избивать,избить
692,избирать,избрать
693,извергать,извергнуть
694,извещать,известить
695,извиняться,извиниться
696,извлекать,извлечь
697,изводить,извести
698,извращать,извратить
699,изгибать,изогнуть
700,изгонять,изгнать
701,изготавливать,изготовить
702,изготавливаться,изготовиться
703,изготовлять,изготовить
704,изготовляться,изготовиться
705,издавать,издать
706,изживать,изжить
707,излагать,изложить
708,излечивать,излечить
709,излечиваться,излечиться
710,изливать,излить
711,изливаться,излиться
712,излучать,излучить
713,изматывать,измотать
714,измельчать,измельчить
715,изменять,изменить
716,изменяться,измениться
717,измерять,измерить
718,изнашиваться,износиться
719,изнурять,изнурить
720,изобличать,изобличить
721,изображать,изобразить
722,изобретать,изобрести
723,изрезать,изрезать
724,изумлять,изумить
725,изучать,изучить
726,изъявлять,изъявить
727,изымать,изъять
728,изыскивать,изыскать
729,искажать,исказить
730,искажаться,исказиться
731,исключать,исключить
732,искоренять,искоренить
733,искривлять,искривить
734,искупать,искупить
735,испаряться,испариться
736,испепелять,испепелить
737,исповедовать,исповедать
738,исповедоваться,исповедаться
739,исполнять,исполнить
740,исполняться,исполниться
741,исправлять,исправить
742,исправляться,исправиться
743,испрашивать,испросить
744,испускать,испустить
745,испытывать,испытать
746,иссушать,иссушить
747,иссякать,иссякнуть
748,истекать,истечь
749,истолковывать,истолковать
750,истощать,истощить
751,истощаться,истощиться
752,истреблять,истребить
753,исцелять,исцелить
754,исцеляться,исцелиться
755,исчезать,исчезнуть
756,исчерпывать,исчерпать
757,исчерпываться,исчерпаться
758,касаться,коснуться
759,кончать,кончить
760,кончаться,кончиться
761,лишать,лишить
762,лишаться,лишиться
763,ложиться,лечь
764,набегать,набежать
765,набивать,набить
766,набиваться,набиться
767,набирать,набрать
768,набираться,набраться
769,набрасывать,набросить
770,набрасываться,наброситься
771,набухать,набухнуть
772,наваливаться,навалиться
773,навевать,навеять
774,наведываться,наведаться
775,наверстывать,наверстать
776,навешивать,навесить
777,навещать,навестить
778,нависать,нависнуть
779,навлекать,навлечь
780,наводить,навести
781,наводнять,наводнить
782,навязывать,навязать
783,нагибаться,нагнуться
784,наговаривать,наговорить
785,нагонять,нагнать
786,награждать,наградить
787,нагревать,нагреть
788,нагреваться,нагреться
789,нагружать,нагрузить
790,надавливать,надавить
791,надевать,надеть
792,надеваться,надеться
793,наделять,наделить
794,надиктовывать,надиктовать
795,надоедать,надоесть
796,надрезать,надрезать
797,надстраивать,надстроить
798,надувать,надуть
799,наезжать,наехать
800,наживать,нажить
801,наживаться,нажиться
802,нажимать,нажать
803,назначать,назначить
804,назревать,назреть
805,называть,назвать
806,называться,назваться
807,наигрывать,наиграть
808,наказывать,наказать
809,накалывать,наколоть
810,накалять,накалить
811,накаляться,накалиться
812,накапливать,накопить
813,накапливаться,накопиться
814,накатывать,накатить
815,накачивать,накачать
816,накидывать,накидать
817,накидывать,накинуть
818,накидываться,накинуться
819,накладывать,наложить
820,наклеивать,наклеить
821,накликать,накликать
822,наклонять,наклонить
823,наклоняться,наклониться
824,накручивать,накрутить
825,накрывать,накрыть
826,накрываться,накрыться
827,налагать,наложить
828,налаживать,наладить
829,налаживаться,наладиться
830,налетать,налететь
831,наливать,налить
832,налипать,налипнуть
833,намазывать,намазать
834,наматывать,намотать
835,намекать,намекнуть
836,намечать,наметить
837,намечаться,наметиться
838,намокать,намокнуть
839,намывать,намыть
840,нанизывать,нанизать
841,нанимать,нанять
842,наниматься,наняться
843,наносить,нанести
844,нападать,нападать
845,нападать,напасть
846,напиваться,напиться
847,наполнять,наполнить
848,наполняться,наполниться
849,напоминать,напомнить
850,направлять,направить
851,направляться,направиться
852,напрашиваться,напроситься
853,напрягать,напрячь
854,напрягаться,напрячься
855,напускать,напустить
856,нарабатывать,наработать
857,нарастать,нарасти
858,наращивать,нарастить
859,нарезать,нарезать
860,нарезаться,нарезаться
861,нарекать,наречь
862,нарождаться,народиться
863,нарушать,нарушить
864,нарушаться,нарушиться
865,нарываться,нарваться
866,наряжать,нарядить
867,наряжаться,нарядиться
868,насаждать,насадить
869,насаживать,насадить
870,населять,населить
871,насиживать,насидеть
872,наслаждаться,насладиться
873,наставать,настать
874,наставлять,наставить
875,настаивать,настоять
876,настигать,настигнуть
877,настигать,настичь
878,настораживать,насторожить
879,настраивать,настроить
880,настраиваться,настроиться
881,наступать,наступить
882,насчитывать,насчитать
883,насылать,наслать
884,насыпать,насыпать
885,насыщать,насытить
886,насыщаться,насытиться
887,наталкивать,натолкнуть
888,наталкиваться,натолкнуться
889,натаскивать,натаскать
890,натирать,натереть
891,натравливать,натравить
892,натыкаться,наткнуться
893,натягивать,натянуть
894,находить,найти
895,находиться,найтись
896,нацеливать,нацелить
897,нацеливаться,нацелиться
898,начинать,начать
899,начинаться,начаться
900,начинять,начинить
901,начислять,начислить
902,начитывать,начитать
903,нашивать,нашить
904,нащупывать,нащупать
905,недооценивать,недооценить
906,недоплачивать,недоплатить
907,недополучать,недополучить
908,недоставать,недостать
909,низвергать,низвергнуть
910,низводить,низвести
911,обваливать,обвалить
912,обваливаться,обвалиться
913,обвивать,обвить
914,обвинять,обвинить
915,обводить,обвести
916,обворовывать,обворовать
917,обвязывать,обвязать
918,обговаривать,обговорить
919,обгонять,обогнать
920,обделять,обделить
921,обдумывать,обдумать
922,обеднять,обеднить
923,обезвреживать,обезвредить
924,обезглавливать,обезглавить
925,обездвиживать,обездвижить
926,обезоруживать,обезоружить
927,обелять,обелить
928,обескураживать,обескуражить
929,обеспечивать,обеспечить
930,обесценивать,обесценить
931,обесцениваться,обесцениться
932,обжаривать,обжарить
933,обживать,обжить
934,обживаться,обжиться
935,обжигать,обжечь
936,обжигаться,обжечься
937,обзаводиться,обзавестись
938,обзванивать,обзвонить
939,обзывать,обозвать
940,обивать,обить
941,обижать,обидеть
942,обижаться,обидеться
943,обирать,обобрать
944,обкатывать,обкатать
945,обкатывать,обкатить
946,обкладывать,обложить
947,обкрадывать,обокрасть
948,облагать,обложить
949,облагораживать,облагородить
950,обламываться,обломиться
951,облачать,облачить
952,облачаться,облачиться
953,облегать,облечь
954,облегчать,облегчить
955,облегчаться,облегчиться
956,облекать,облечь
957,облетать,облететь
958,обливать,облить
959,обливаться,облиться
960,облизывать,облизать
961,облицовывать,облицевать
962,обличать,обличить
963,облучать,облучить
964,обмазывать,обмазать
965,обманывать,обмануть
966,обманываться,обмануться
967,обматывать,обмотать
968,обменивать,обменить
969,обменивать,обменять
970,обмениваться,обменяться
971,обмывать,обмыть
972,обнадеживать,обнадежить
973,обнажать,обнажить
974,обнажаться,обнажиться
975,обналичивать,обналичить
976,обнаруживать,обнаружить
977,обнаруживаться,обнаружиться
978,обнимать,обнять
979,обниматься,обняться
980,обновлять,обновить
981,обновляться,обновиться
982,обносить,обнести
983,обобщать,обобщить
984,обогащать,обогатить
985,обогащаться,обогатиться
986,обогревать,обогреть
987,ободрять,ободрить
988,обожествлять,обожествить
989,обозначать,обозначить
990,обозначаться,обозначиться
991,обозревать,обозреть
992,обольщать,обольстить
993,оборачивать,обернуть
994,оборачиваться,обернуться
995,обосновывать,обосновать
996,обосновываться,обосноваться
997,обособлять,обособить
998,обособляться,обособиться
999,обострять,обострить
1000,обостряться,обостриться
1001,обрабатывать,обработать
1002,образовывать,образовать
1003,образовываться,образоваться
1004,обрамлять,обрамить
1005,обрастать,обрасти
1006,обращать,обратить
1007,обращаться,обратиться
1008,обрезать,обрезать
1009,обрекать,обречь
1010,обременять,обременить
1011,обретать,обрести
1012,обрисовывать,обрисовать
1013,обручаться,обручиться
1014,обрушивать,обрушить
1015,обрушиваться,обрушиться
1016,обрывать,оборвать
1017,обрываться,оборваться
1018,обслуживать,обслужить
1019,обставлять,обставить
1020,обстреливать,обстрелять
1021,обсуждать,обсудить
1022,обсыпать,обсыпать
1023,обтягивать,обтянуть
1024,обуславливать,обусловить
1025,обусловливать,обусловить
1026,обустраивать,обустроить
1027,обучать,обучить
1028,обучаться,обучиться
1029,обхватывать,обхватить
1030,обходить,обойти
1031,обходиться,обойтись
1032,обчищать,обчистить
1033,обшивать,обшить
1034,объединять,объединить
1035,объединяться,объединиться
1036,объезжать,объездить
1037,объезжать,объехать
1038,объявлять,объявить
1039,объявляться,объявиться
1040,объяснять,объяснить
1041,объясняться,объясниться
1042,обыгрывать,обыграть
1043,обыскивать,обыскать
1044,обязывать,обязать
1045,обязываться,обязаться
1046,овладевать,овладеть
1047,огибать,обогнуть
1048,оглашать,огласить
1049,оглушать,оглушить
1050,оглядываться,оглянуться
1051,оговаривать,оговорить
1052,оговариваться,оговориться
1053,оголять,оголить
1054,оголяться,оголиться
1055,огораживать,огородить
1056,огорчать,огорчить
1057,огорчаться,огорчиться
1058,ограждать,оградить
1059,ограничивать,ограничить
1060,ограничиваться,ограничиться
1061,огрызаться,огрызнуться
1062,одалживать,одолжить
1063,одаривать,одарить
1064,одарять,одарить
1065,одевать,одеть
1066,одеваться,одеться
1067,одерживать,одержать
1068,одобрять,одобрить
1069,одолевать,одолеть
1070,одурманивать,одурманить
1071,одухотворять,одухотворить
1072,оживать,ожить
1073,оживлять,оживить
1074,оживляться,оживиться
1075,озадачивать,озадачить
1076,озарять,озарить
1077,озвучивать,озвучить
1078,озеленять,озеленить
1079,означать,означить
1080,оказывать,оказать
1081,оказываться,оказаться
1082,окаймлять,окаймить
1083,оканчивать,окончить
1084,оканчиваться,окончиться
1085,окапываться,окопаться
1086,окислять,окислить
1087,окликать,окликнуть
1088,окрашивать,окрасить
1089,окрашиваться,окраситься
1090,окроплять,окропить
1091,округлять,округлить
1092,округляться,округлиться
1093,окружать,окружить
1094,окрылять,окрылить
1095,окунать,окунуть
1096,окунаться,окунуться
1097,окупать,окупить
1098,окупаться,окупиться
1099,окутывать,окутать
1100,олицетворять,олицетворить
1101,омолаживать,омолодить
1102,омрачать,омрачить
1103,омрачаться,омрачиться
1104,омывать,омыть
1105,опадать,опасть
1106,опаздывать,опоздать
1107,опережать,опередить
1108,оперяться,опериться
1109,опечатывать,опечатать
1110,опираться,опереться
1111,описывать,описать
1112,оплакивать,оплакать
1113,оплачивать,оплатить
1114,оплодотворять,оплодотворить
1115,оповещать,оповестить
1116,опознавать,опознать
1117,опоясывать,опоясать
1118,оправдывать,оправдать
1119,оправдываться,оправдаться
1120,оправлять,оправить
1121,оправляться,оправиться
1122,опрашивать,опросить
1123,определять,определить
1124,определяться,определиться
1125,опровергать,опровергнуть
1126,опрокидывать,опрокинуть
1127,опрокидываться,опрокинуться
1128,опротестовывать,опротестовать
1129,опрыскивать,опрыскать
1130,опубликовывать,опубликовать
1131,опускать,опустить
1132,опускаться,опуститься
1133,опустошать,опустошить
1134,опутывать,опутать
1135,опухать,опухнуть
1136,опьянять,опьянить
1137,организовывать,организовать
1138,организовываться,организоваться
1139,осаждать,осадить
1140,осваивать,освоить
1141,осваиваться,освоиться
1142,освежать,освежить
1143,освещать,осветить
1144,освистывать,освистать
1145,освобождать,освободить
1146,освобождаться,освободиться
1147,освящать,освятить
1148,оседать,осесть
1149,осенять,осенить
1150,осквернять,осквернить
1151,оскорблять,оскорбить
1152,оскорбляться,оскорбиться
1153,ослабевать,ослабеть
1154,ослаблять,ослабить
1155,ослеплять,ослепить
1156,осложнять,осложнить
1157,осложняться,осложниться
1158,осматривать,осмотреть
1159,осматриваться,осмотреться
1160,осмеивать,осмеять
1161,осмеливаться,осмелиться
1162,осмысливать,осмыслить
1163,осмыслять,осмыслить
1164,оснащать,оснастить
1165,основывать,основать
1166,основываться,основаться
1167,осознавать,осознать
1168,оспаривать,оспорить
1169,оставаться,остаться
1170,оставлять,оставить
1171,останавливать,остановить
1172,останавливаться,остановиться
1173,остужать,остудить
1174,оступаться,оступиться
1175,остывать,остыть
1176,осуждать,осудить
1177,осушать,осушить
1178,осуществлять,осуществить
1179,осуществляться,осуществиться
1180,осыпать,осыпать
1181,осыпаться,осыпаться
1182,отбегать,отбежать
1183,отбеливать,отбелить
1184,отбивать,отбить
1185,отбиваться,отбиться
1186,отбирать,отобрать
1187,отбраковывать,отбраковать
1188,отбрасывать,отбросать
1189,отбрасывать,отбросить
1190,отбывать,отбыть
1191,отваживаться,отважиться
1192,отваливаться,отвалиться
1193,отваривать,отварить
1194,отвергать,отвергнуть
1195,ответвляться,ответвиться
1196,отвечать,ответить
1197,отвлекать,отвлечь
1198,отвлекаться,отвлечься
1199,отводить,отвести
1200,отвоевывать,отвоевать
1201,отвозить,отвезти
1202,отворачивать,отвернуть
1203,отворачиваться,отвернуться
1204,отвращать,отвратить
1205,отгадывать,отгадать
1206,отговаривать,отговорить
1207,отгонять,отогнать
1208,отгораживать,отгородить
1209,отгораживаться,отгородиться
1210,отгружать,отгрузить
1211,отдавать,отдать
1212,отдаваться,отдаться
1213,отдалять,отдалить
1214,отдаляться,отдалиться
1215,отделывать,отделать
1216,отделываться,отделаться
1217,отделять,отделить
1218,отделяться,отделиться
1219,отдыхать,отдохнуть
1220,отекать,отечь
1221,отжимать,отжать
1222,отжиматься,отжаться
1223,отзывать,отозвать
1224,отзываться,отозваться
1225,отказывать,отказать
1226,отказываться,отказаться
1227,откалываться,отколоться
1228,откапывать,откопать
1229,откармливать,откормить
1230,откатываться,откатиться
1231,откачивать,откачать
1232,откидывать,откинуть
1233,откидываться,откинуться
1234,откладывать,отложить
1235,откладываться,отложиться
1236,откликаться,откликнуться
1237,отклонять,отклонить
1238,отклоняться,отклониться
1239,отключать,отключить
1240,отключаться,отключиться
1241,открещиваться,откреститься
1242,откручивать,открутить
1243,открывать,открыть
1244,открываться,открыться
1245,откупаться,откупиться
1246,откусывать,откусить
1247,отлавливать,отловить
1248,отлагаться,отложиться
1249,отлаживать,отладить
1250,отламывать,отломать
1251,отламывать,отломить
1252,отлетать,отлететь
1253,отливать,отлить
1254,отличать,отличить
1255,отличаться,отличиться
1256,отлучать,отлучить
1257,отлучаться,отлучиться
1258,отмазывать,отмазать
1259,отмахиваться,отмахнуться
1260,отмежевываться,отмежеваться
1261,отменять,отменить
1262,отменяться,отмениться
1263,отмерять,отмерить
1264,отметать,отмести
1265,отмечать,отметить
1266,отмечаться,отметиться
1267,отмирать,отмереть
1268,отмывать,отмыть
1269,отнимать,отнять
1270,отниматься,отняться
1271,относить,отнести
1272,относиться,отнестись
1273,отображать,отобразить
1274,отображаться,отобразиться
1275,отодвигать,отодвинуть
1276,отодвигаться,отодвинуться
1277,отождествлять,отождествить
1278,отпадать,отпасть
1279,отпевать,отпеть
1280,отпиливать,отпилить
1281,отпирать,отпереть
1282,отплывать,отплыть
1283,отправлять,отправить
1284,отправляться,отправиться
1285,отпрашиваться,отпроситься
1286,отпугивать,отпугнуть
1287,отпускать,отпустить
1288,отрабатывать,отработать
1289,отравлять,отравить
1290,отравляться,отравиться
1291,отражать,отразить
1292,отражаться,отразиться
1293,отрастать,отрасти
1294,отращивать,отрастить
1295,отрезать,отрезать
1296,отрезвлять,отрезвить
1297,отрекаться,отречься
1298,отрубать,отрубить
1299,отрывать,оторвать
1300,отрывать,отрыть
1301,отрываться,оторваться
1302,отсеивать,отсеять
1303,отсеиваться,отсеяться
1304,отсекать,отсечь
1305,отселять,отселить
1306,отсиживаться,отсидеться
1307,отскакивать,отскочить
1308,отслаиваться,отслоиться
1309,отслеживать,отследить
1310,отсоединять,отсоединить
1311,отсоединяться,отсоединиться
1312,отставать,отстать
1313,отстаивать,отстоять
1314,отстраивать,отстроить
1315,отстраиваться,отстроиться
1316,отстранять,отстранить
1317,отстраняться,отстраниться
1318,отстреливать,отстрелить
1319,отстреливать,отстрелять
1320,отстреливаться,отстреляться
1321,отступать,отступить
1322,отступаться,отступиться
1323,отсчитывать,отсчитать
1324,отсылать,отослать
1325,отсыпать,отсыпать
1326,отсыпаться,отсыпаться
1327,оттаивать,оттаять
1328,отталкивать,оттолкнуть
1329,отталкиваться,оттолкнуться
1330,оттаскивать,оттащить
1331,оттачивать,отточить
1332,оттенять,оттенить
1333,оттеснять,оттеснить
1334,отторгать,отторгнуть
1335,оттягивать,оттянуть
1336,отучать,отучить
1337,отфильтровывать,отфильтровать
1338,отходить,отойти
1339,отцеплять,отцепить
1340,отчаиваться,отчаяться
1341,отчислять,отчислить
1342,отчитывать,отчитать
1343,отчитываться,отчитаться
1344,отчуждать,отчудить
1345,отшучиваться,отшутиться
1346,отъезжать,отъехать
1347,отыгрывать,отыграть
1348,отыгрываться,отыграться
1349,отыскивать,отыскать
1350,отягощать,отяготить
1351,оформлять,оформить
1352,оформляться,оформиться
1353,охватывать,охватить
1354,охлаждать,охладить
1355,охлаждаться,охладиться
1356,оценивать,оценить
1357,оцеплять,оцепить
1358,очаровывать,очаровать
1359,очернять,очернить
1360,очерчивать,очертить
1361,очищать,очистить
1362,очищаться,очиститься
1363,ошеломлять,ошеломить
1364,ошибаться,ошибиться
1365,ощущать,ощутить
1366,переадресовывать,переадресовать
1367,перебарщивать,переборщить
1368,перебегать,перебежать
1369,перебивать,перебить
1370,перебирать,перебрать
1371,перебираться,перебраться
1372,перебрасывать,перебросить
1373,перебрасываться,переброситься
1374,переваливать,перевалить
1375,переваривать,переварить
1376,перевешивать,перевесить
1377,переводить,перевести
1378,переводиться,перевестись
1379,перевозить,перевезти
1380,перевоплощаться,перевоплотиться
1381,переворачивать,перевернуть
1382,переворачиваться,перевернуться
1383,перевоспитывать,перевоспитать
1384,перевыполнять,перевыполнить
1385,перевязывать,перевязать
1386,перегибать,перегнуть
1387,перегонять,перегнать
1388,перегораживать,перегородить
1389,перегреваться,перегреться
1390,перегружать,перегрузить
1391,перегруппировываться,перегруппироваться
1392,перегрызать,перегрызть
1393,передавать,передать
1394,передаваться,передаться
1395,передвигать,передвинуть
1396,передвигаться,передвинуться
1397,переделывать,переделать
1398,передергивать,передернуть
1399,передумывать,передумать
1400,переедать,переесть
1401,переезжать,переехать
1402,переживать,пережить
1403,пережидать,переждать
1404,перезаключать,перезаключить
1405,перезаписывать,перезаписать
1406,перезаряжать,перезарядить
1407,перезванивать,перезвонить
1408,переигрывать,переиграть
1409,переизбирать,переизбрать
1410,переиздавать,переиздать
1411,переименовывать,переименовать
1412,перекапывать,перекопать
1413,перекачивать,перекачать
1414,перекидывать,перекинуть
1415,перекидываться,перекинуться
1416,перекладывать,переложить
1417,переключать,переключить
1418,переключаться,переключиться
1419,перекраивать,перекроить
1420,перекрашивать,перекрасить
1421,перекрашиваться,перекраситься
1422,перекрещиваться,перекреститься
1423,перекрывать,перекрыть
1424,перекупать,перекупить
1425,перекусывать,перекусить
1426,переламывать,переломить
1427,перелезать,перелезть
1428,перелетать,перелететь
1429,переливать,перелить
1430,переливаться,перелиться
1431,перемалывать,перемолоть
1432,переманивать,переманить
1433,перематывать,перемотать
1434,перемешивать,перемесить
1435,перемешивать,перемешать
1436,перемешиваться,перемешаться
1437,перемещать,переместить
1438,перемещаться,переместиться
1439,переназначать,переназначить
1440,перенимать,перенять
1441,переносить,перенести
1442,переноситься,перенестись
1443,переодевать,переодеть
1444,переодеваться,переодеться
1445,переосмысливать,переосмыслить
1446,переоформлять,переоформить
1447,переоценивать,переоценить
1448,перепевать,перепеть
1449,перепечатывать,перепечатать
1450,переписывать,переписать
1451,переплавлять,переплавить
1452,переплачивать,переплатить
1453,переплетать,переплести
1454,переплывать,переплыть
1455,переполнять,переполнить
1456,переполняться,переполниться
1457,переправлять,переправить
1458,переправляться,переправиться
1459,перепроверять,перепроверить
1460,перепродавать,перепродать
1461,перепрыгивать,перепрыгнуть
1462,перерабатывать,переработать
1463,перераспределять,перераспределить
1464,перерастать,перерасти
1465,перерезать,перерезать
1466,перерисовывать,перерисовать
1467,перерождаться,переродиться
1468,пересаживать,пересадить
1469,пересаживаться,пересесть
1470,пересдавать,пересдать
1471,пересекать,пересечь
1472,пересекаться,пересечься
1473,переселять,переселить
1474,переселяться,переселиться
1475,пересказывать,пересказать
1476,перескакивать,перескочить
1477,пересматривать,пересмотреть
1478,переснимать,переснять
1479,переспрашивать,переспросить
1480,переставать,перестать
1481,переставлять,переставить
1482,перестраивать,перестроить
1483,перестраиваться,перестроиться
1484,перестраховываться,перестраховаться
1485,переступать,переступить
1486,пересчитывать,пересчитать
1487,пересылать,переслать
1488,пересыпать,переспать
1489,пересыпать,пересыпать
1490,пересыхать,пересохнуть
1491,перетаскивать,перетащить
1492,перетекать,перетечь
1493,перетягивать,перетянуть
1494,переубеждать,переубедить
1495,переучиваться,переучиться
1496,перехватывать,перехватить
1497,переходить,перейти
1498,перечеркивать,перечеркнуть
1499,перечислять,перечислить
1500,перечитывать,перечесть
1501,перечитывать,перечитать
1502,перешагивать,перешагнуть
1503,пленять,пленить
1504,побеждать,победить
1505,побивать,побить
1506,побуждать,побудить
1507,повергать,повергнуть
1508,повертывать,повернуть
1509,поверять,поверить
1510,повисать,повиснуть
1511,поводить,повести
1512,поворачивать,повернуть
1513,поворачиваться,повернуться
1514,повреждать,повредить
1515,повреждаться,повредиться
1516,повторять,повторить
1517,повторяться,повториться
1518,повышать,повысить
1519,повышаться,повыситься
1520,повязывать,повязать
1521,погашать,погасить
1522,погибать,погибнуть
1523,поглощать,поглотить
1524,погребать,погрести
1525,погружать,погрузить
1526,погружаться,погрузиться
1527,подавать,подать
1528,подаваться,податься
1529,подавлять,подавить
1530,подбадривать,подбодрить
1531,подбегать,подбежать
1532,подбивать,подбить
1533,подбирать,подобрать
1534,подбираться,подобраться
1535,подбрасывать,подбросить
1536,подвергать,подвергнуть
1537,подвергаться,подвергнуться
1538,подвешивать,подвесить
1539,подвигать,подвинуть
1540,подвигаться,подвинуться
1541,подводить,подвести
1542,подвозить,подвезти
1543,подвязывать,подвязать
1544,подговаривать,подговорить
1545,подгонять,подогнать
1546,подготавливать,подготовить
1547,подготавливаться,подготовиться
1548,подготовлять,подготовить
1549,поддаваться,поддаться
1550,подделывать,подделать
1551,поддерживать,поддержать
1552,поджаривать,поджарить
1553,поджигать,поджечь
1554,поджимать,поджать
1555,подзаряжать,подзарядить
1556,подзывать,подозвать
1557,подкарауливать,подкараулить
1558,подкармливать,подкормить
1559,подкатывать,подкатить
1560,подкидывать,подкинуть
1561,подкладывать,подложить
1562,подключать,подключить
1563,подключаться,подключиться
1564,подкрадываться,подкрасться
1565,подкрашивать,подкрасить
1566,подкреплять,подкрепить
1567,подкрепляться,подкрепиться
1568,подкупать,подкупить
1569,подлетать,подлететь
1570,подливать,подлить
1571,подменять,подменить
1572,подмечать,подметить
1573,подмешивать,подмесить
1574,подмешивать,подмешать
1575,подмигивать,подмигнуть
1576,подминать,подмять
1577,подмывать,подмыть
1578,поднимать,поднять
1579,подниматься,подняться
1580,подносить,поднести
1581,подогревать,подогреть
1582,подпадать,подпасть
1583,подпирать,подпереть
1584,подписывать,подписать
1585,подписываться,подписаться
1586,подплывать,подплыть
1587,подправлять,подправить
1588,подпрыгивать,подпрыгнуть
1589,подпускать,подпустить
1590,подрабатывать,подработать
1591,подразделять,подразделить
1592,подрастать,подрасти
1593,подрезать,подрезать
1594,подрывать,подорвать
1595,подрываться,подорваться
1596,подсаживать,подсадить
1597,подсаживаться,подсесть
1598,подсвечивать,подсветить
1599,подселять,подселить
1600,подсказывать,подсказать
1601,подскакивать,подскочить
1602,подслушивать,подслушать
1603,подсматривать,подсмотреть
1604,подсовывать,подсунуть
1605,подсоединять,подсоединить
1606,подставлять,подставить
1607,подстегивать,подстегнуть
1608,подстерегать,подстеречь
1609,подстраивать,подстроить
1610,подстраиваться,подстроиться
1611,подстраховывать,подстраховать
1612,подстреливать,подстрелить
1613,подстригать,подстричь
1614,подступать,подступить
1615,подсушивать,подсушить
1616,подсчитывать,подсчитать
1617,подсылать,подослать
1618,подсыпать,подсыпать
1619,подсыхать,подсохнуть
1620,подталкивать,подтолкнуть
1621,подтапливать,подтопить
1622,подтасовывать,подтасовать
1623,подтачивать,подточить
1624,подтверждать,подтвердить
1625,подтверждаться,подтвердиться
1626,подтягивать,подтянуть
1627,подтягиваться,подтянуться
1628,подхватывать,подхватить
1629,подходить,подойти
1630,подчеркивать,подчеркнуть
1631,подчинять,подчинить
1632,подчиняться,подчиниться
1633,подчищать,подчистить
1634,подшивать,подшить
1635,подшучивать,подшутить
1636,подъезжать,подъехать
1637,подыгрывать,подыграть
1638,подымать,поднять
1639,подыматься,подняться
1640,подыскивать,подыскать
1641,подытоживать,подытожить
1642,пожимать,пожать
1643,пожинать,пожать
1644,пожирать,пожрать
1645,позволять,позволить
1646,поздравлять,поздравить
1647,познавать,познать
1648,показывать,показать
1649,показываться,показаться
1650,покидать,покинуть
1651,покорять,покорить
1652,покоряться,покориться
1653,покрывать,покрыть
1654,покрываться,покрыться
1655,покупать,купить
1656,покушаться,покуситься
1657,полагать,положить
1658,полагаться,положиться
1659,поливать,полить
1660,получать,получить
1661,получаться,получиться
1662,помечать,пометить
1663,помещать,поместить
1664,помещаться,поместиться
1665,поминать,помянуть
1666,помирать,помереть
1667,помогать,помочь
1668,помышлять,помыслить
1669,понижать,понизить
1670,понижаться,понизиться
1671,поникать,поникнуть
1672,понимать,понять
1673,понуждать,понудить
1674,поощрять,поощрить
1675,попадать,попасть
1676,попадаться,попасться
1677,попирать,попрать
1678,пополнять,пополнить
1679,пополняться,пополниться
1680,поправлять,поправить
1681,поправляться,поправиться
1682,порабощать,поработить
1683,поражать,поразить
1684,поражаться,поразиться
1685,порождать,породить
1686,поручать,поручить
1687,поручаться,поручиться
1688,порывать,порвать
1689,порываться,порваться
1690,посвящать,посвятить
1691,поселять,поселить
1692,поселяться,поселиться
1693,посещать,посетить
1694,поскальзываться,поскользнуться
1695,поспевать,поспеть
1696,поставлять,поставить
1697,постановлять,постановить
1698,постигать,постигнуть
1699,постигать,постичь
1700,постригать,постричь
1701,поступать,поступить
1702,поступаться,поступиться
1703,посылать,послать
1704,посыпать,посыпать
1705,посыпаться,посыпаться
1706,посягать,посягнуть
1707,потреблять,потребить
1708,потрясать,потрясти
1709,похищать,похитить
1710,почитать,почесть
1711,появляться,появиться
1712,пояснять,пояснить
1713,превозмогать,превозмочь
1714,превосходить,превзойти
1715,превращать,превратить
1716,превращаться,превратиться
1717,превышать,превысить
1718,преграждать,преградить
1719,предавать,предать
1720,предаваться,предаться
1721,предварять,предварить
1722,предвосхищать,предвосхитить
1723,предлагать,предложить
1724,предназначать,предназначить
1725,предопределять,предопределить
1726,предоставлять,предоставить
1727,предостерегать,предостеречь
1728,предотвращать,предотвратить
1729,предохранять,предохранить
1730,предписывать,предписать
1731,предполагать,предположить
1732,предпочитать,предпочесть
1733,предпринимать,предпринять
1734,предрасполагать,предрасположить
1735,предрекать,предречь
1736,предрешать,предрешить
1737,предсказывать,предсказать
1738,представать,предстать
1739,представлять,представить
1740,представляться,представиться
1741,предугадывать,предугадать
1742,предупреждать,предупредить
1743,предусматривать,предусмотреть
1744,предъявлять,предъявить
1745,презирать,презреть
1746,преклонять,преклонить
1747,прекращать,прекратить
1748,прекращаться,прекратиться
1749,преломлять,преломить
1750,прельщать,прельстить
1751,пренебрегать,пренебречь
1752,преображать,преобразить
1753,преображаться,преобразиться
1754,преобразовывать,преобразовать
1755,преобразовываться,преобразоваться
1756,преодолевать,преодолеть
1757,преподавать,преподать
1758,преподносить,преподнести
1759,препровождать,препроводить
1760,прерывать,прервать
1761,прерываться,прерваться
1762,пресекать,пресечь
1763,преступать,преступить
1764,претворять,претворить
1765,претворяться,претвориться
1766,претерпевать,претерпеть
1767,преувеличивать,преувеличить
1768,преуменьшать,преуменьшить
1769,преумножать,преумножить
1770,преуспевать,преуспеть
1771,прибавлять,прибавить
1772,прибавляться,прибавиться
1773,прибегать,прибегнуть
1774,прибегать,прибежать
1775,прибивать,прибить
1776,прибирать,прибрать
1777,приближать,приблизить
1778,приближаться,приблизиться
1779,прибывать,прибыть
1780,приваривать,приварить
1781,прививать,привить
1782,прививаться,привиться
1783,привлекать,привлечь
1784,привносить,привнести
1785,приводить,привести
1786,привозить,привезти
1787,привыкать,привыкнуть
1788,привязывать,привязать
1789,привязываться,привязаться
1790,приглашать,пригласить
1791,приглушать,приглушить
1792,приглядываться,приглядеться
1793,приговаривать,приговорить
1794,пригонять,пригнать
1795,приготавливать,приготовить
1796,приготовлять,приготовить
1797,приготовляться,приготовиться
1798,придавать,придать
1799,придавливать,придавить
1800,придерживать,придержать
1801,придираться,придраться
1802,придумывать,придумать
1803,приезжать,приехать
1804,приживаться,прижиться
1805,прижимать,прижать
1806,прижиматься,прижаться
1807,приземляться,приземлиться
1808,признавать,признать
1809,признаваться,признаться
1810,призывать,призвать
1811,приказывать,приказать
1812,прикармливать,прикормить
1813,прикасаться,прикоснуться
1814,прикидывать,прикинуть
1815,прикидываться,прикинуться
1816,прикладывать,приложить
1817,прикладываться,приложиться
1818,приклеивать,приклеить
1819,приклеиваться,приклеиться
1820,приковывать,приковать
1821,прикреплять,прикрепить
1822,прикрепляться,прикрепиться
1823,прикрывать,прикрыть
1824,прикрываться,прикрыться
1825,прикуривать,прикурить
1826,прилагать,приложить
1827,прилегать,прилечь
1828,прилетать,прилететь
1829,прилипать,прилипнуть
1830,приманивать,приманить
1831,применять,применить
1832,примерять,примерить
1833,примечать,приметить
1834,примирять,примирить
1835,примиряться,примириться
1836,примыкать,примкнуть
1837,принижать,принизить
1838,принимать,принять
1839,приниматься,приняться
1840,приносить,принести
1841,принуждать,принудить
1842,приобретать,приобрести
1843,приобщать,приобщить
1844,приобщаться,приобщиться
1845,приостанавливать,приостановить
1846,приостанавливаться,приостановиться
1847,приоткрывать,приоткрыть
1848,припадать,припасть
1849,приписывать,приписать
1850,приплывать,приплыть
1851,приподнимать,приподнять
1852,приподниматься,приподняться
1853,припоминать,припомнить
1854,приправлять,приправить
1855,приравнивать,приравнять
1856,прирастать,прирасти
1857,прирезать,прирезать
1858,приручать,приручить
1859,присаживаться,присесть
1860,присасываться,присосаться
1861,присваивать,присвоить
1862,приседать,присесть
1863,прислушиваться,прислушаться
1864,присматривать,присмотреть
1865,присматриваться,присмотреться
1866,присоединять,присоединить
1867,присоединяться,присоединиться
1868,приспосабливать,приспособить
1869,приспосабливаться,приспособиться
1870,приставать,пристать
1871,приставлять,приставить
1872,пристегивать,пристегнуть
1873,пристегиваться,пристегнуться
1874,пристраивать,пристроить
1875,пристраиваться,пристроиться
1876,пристреливать,пристрелить
1877,приступать,приступить
1878,присуждать,присудить
1879,присылать,прислать
1880,присыпать,присыпать
1881,присягать,присягнуть
1882,притворяться,притвориться
1883,притормаживать,притормозить
1884,притрагиваться,притронуться
1885,притуплять,притупить
1886,притягивать,притянуть
1887,приукрашивать,приукрасить
1888,приуменьшать,приуменьшить
1889,приумножать,приумножить
1890,приурочивать,приурочить
1891,приучать,приучить
1892,прихватывать,прихватить
1893,приходить,прийти
1894,приходиться,прийтись
1895,прицеливаться,прицелиться
1896,прицеплять,прицепить
1897,прицепляться,прицепиться
1898,причаливать,причалить
1899,причащать,причастить
1900,причащаться,причаститься
1901,причинять,причинить
1902,причислять,причислить
1903,пришивать,пришить
1904,пробегать,пробежать
1905,пробивать,пробить
1906,пробиваться,пробиться
1907,пробираться,пробраться
1908,пробуждать,пробудить
1909,пробуждаться,пробудиться
1910,проваливать,провалить
1911,проваливаться,провалиться
1912,проверять,проверить
1913,проверяться,провериться
1914,проветривать,проветрить
1915,провисать,провиснуть
1916,проводить,провести
1917,провожать,проводить
1918,провозглашать,провозгласить
1919,провозить,провезти
1920,проворачивать,провернуть
1921,прогибаться,прогнуться
1922,проглатывать,проглотить
1923,проглядывать,проглядеть
1924,проговаривать,проговорить
1925,проговариваться,проговориться
1926,прогонять,прогнать
1927,прогревать,прогреть
1928,прогреваться,прогреться
1929,прогуливать,прогулять
1930,прогуливаться,прогуляться
1931,продавать,продать
1932,продаваться,продаться
1933,продавливать,продавить
1934,продвигать,продвинуть
1935,продвигаться,продвинуться
1936,продевать,продеть
1937,проделывать,проделать
1938,продлевать,продлить
1939,продлять,продлить
1940,продолжать,продолжить
1941,продолжаться,продолжиться
1942,продувать,продуть
1943,продумывать,продумать
1944,проедать,проесть
1945,проезжать,проездить
1946,проезжать,проехать
1947,проживать,прожить
1948,прозревать,прозреть
1949,проигрывать,проиграть
1950,проигрываться,проиграться
1951,производить,произвести
1952,произносить,произнести
1953,происходить,произойти
1954,прокалывать,проколоть
1955,прокатывать,прокатить
1956,прокатываться,прокатиться
1957,прокачивать,прокачать
1958,прокладывать,проложить
1959,проклинать,проклясть
1960,прокрадываться,прокрасться
1961,прокручивать,прокрутить
1962,проламывать,проломить
1963,пролегать,пролечь
1964,пролезать,пролезть
1965,пролетать,пролететь
1966,проливать,пролить
1967,проливаться,пролиться
1968,пролистывать,пролистать
1969,проматывать,промотать
1970,промахиваться,промахнуться
1971,промерзать,промерзнуть
1972,промывать,промыть
1973,пронзать,пронзить
1974,пронизывать,пронизать
1975,проникать,проникнуть
1976,проникаться,проникнуться
1977,проносить,пронести
1978,проноситься,пронестись
1979,пропадать,пропасть
1980,пропивать,пропить
1981,прописывать,прописать
1982,прописываться,прописаться
1983,пропитывать,пропитать
1984,пропитываться,пропитаться
1985,проплывать,проплыть
1986,пропускать,пропустить
1987,прорабатывать,проработать
1988,прорастать,прорасти
1989,прорезать,прорезать
1990,прорезаться,прорезаться
1991,прорисовывать,прорисовать
1992,прорубать,прорубить
1993,прорывать,прорвать
1994,прорывать,прорыть
1995,прорываться,прорваться
1996,просачиваться,просочиться
1997,просверливать,просверлить
1998,просветлять,просветлить
1999,просвечивать,просветить
2000,просвещать,просветить
2001,проседать,просесть
2002,просеивать,просеять
2003,просиживать,просидеть
2004,проскакивать,проскакать
2005,проскакивать,проскочить
2006,проскальзывать,проскользнуть
2007,прославлять,прославить
2008,прославляться,прославиться
2009,прослеживать,проследить
2010,прослушивать,прослушать
2011,просматривать,просмотреть
2012,просовывать,просунуть
2013,проставлять,проставить
2014,простаивать,простоять
2015,простреливать,прострелить
2016,проступать,проступить
2017,просушивать,просушить
2018,просчитывать,просчитать
2019,просыпаться,проснуться
2020,просыпаться,просыпаться
2021,просыхать,просохнуть
2022,проталкивать,протолкнуть
2023,проталкиваться,протолкнуться
2024,протаскивать,протащить
2025,протекать,протечь
2026,противопоставлять,противопоставить
2027,протирать,протереть
2028,протискиваться,протиснуться
2029,протыкать,проткнуть
2030,протыкать,протыкать
2031,протягивать,протянуть
2032,протягиваться,протянуться
2033,прохаживаться,пройтись
2034,проходить,пройти
2035,прочесывать,прочесать
2036,прочитывать,прочесть
2037,прочитывать,прочитать
2038,прочищать,прочистить
2039,прошивать,прошить
2040,прощать,простить
2041,прощаться,проститься
2042,прощупывать,прощупать
2043,проявлять,проявить
2044,проявляться,проявиться
2045,прояснять,прояснить
2046,проясняться,проясниться
2047,пускать,пустить
2048,пускаться,пуститься
2049,разбавлять,разбавить
2050,разбегаться,разбежаться
2051,разбивать,разбить
2052,разбиваться,разбиться
2053,разбирать,разобрать
2054,разбираться,разобраться
2055,разбрасывать,разбросать
2056,разбрасывать,разбросить
2057,разбухать,разбухнуть
2058,разваливать,развалить
2059,разваливать,развалять
2060,разваливаться,развалиться
2061,разведывать,разведать
2062,развеивать,развеять
2063,развенчивать,развенчать
2064,развертывать,развернуть
2065,развертываться,развернуться
2066,развешивать,развесить
2067,развешивать,развешать
2068,развивать,развить
2069,развиваться,развиться
2070,развлекать,развлечь
2071,развлекаться,развлечься
2072,разводить,развести
2073,разводиться,развестись
2074,развозить,развезти
2075,разворачивать,развернуть
2076,разворачивать,разворотить
2077,разворачиваться,развернуться
2078,разворовывать,разворовать
2079,развращать,развратить
2080,развязывать,развязать
2081,развязываться,развязаться
2082,разгадывать,разгадать
2083,разгибать,разогнуть
2084,разглашать,разгласить
2085,разговаривать,разговорить
2086,разгонять,разогнать
2087,разгоняться,разогнаться
2088,разгораться,разгореться
2089,разграничивать,разграничить
2090,разгружать,разгрузить
2091,разгружаться,разгрузиться
2092,раздавать,раздать
2093,раздаваться,раздаться
2094,раздавливать,раздавить
2095,раздвигать,раздвинуть
2096,раздевать,раздеть
2097,раздеваться,раздеться
2098,разделывать,разделать
2099,разделять,разделить
2100,разделяться,разделиться
2101,раздирать,разодрать
2102,раздражать,раздражить
2103,раздувать,раздуть
2104,раздуваться,раздуться
2105,раздумывать,раздумать
2106,разжигать,разжечь
2107,разжимать,разжать
2108,разлагать,разложить
2109,разлагаться,разложиться
2110,разламывать,разломать
2111,разламывать,разломить
2112,разлетаться,разлететься
2113,разливать,разлить
2114,разливаться,разлиться
2115,различать,различить
2116,разлучать,разлучить
2117,разлучаться,разлучиться
2118,размазывать,размазать
2119,размалывать,размолоть
2120,разматывать,размотать
2121,разменивать,разменять
2122,разметать,размести
2123,размечать,разметить
2124,размешивать,размесить
2125,размешивать,размешать
2126,размещать,разместить
2127,размещаться,разместиться
2128,разминать,размять
2129,разминаться,размяться
2130,размножать,размножить
2131,размножаться,размножиться
2132,размораживать,разморозить
2133,размывать,размыть
2134,размыкать,разомкнуть
2135,разнимать,разнять
2136,разносить,разнести
2137,разноситься,разнестись
2138,разоблачать,разоблачить
2139,разобщать,разобщить
2140,разогревать,разогреть
2141,разогреваться,разогреться
2142,разоружать,разоружить
2143,разоружаться,разоружиться
2144,разорять,разорить
2145,разоряться,разориться
2146,разочаровывать,разочаровать
2147,разочаровываться,разочароваться
2148,разрабатывать,разработать
2149,разражаться,разразиться
2150,разрастаться,разрастись
2151,разрезать,разрезать
2152,разрезаться,разрезаться
2153,разрешать,разрешить
2154,разрешаться,разрешиться
2155,разрисовывать,разрисовать
2156,разрубать,разрубить
2157,разрушать,разрушить
2158,разрушаться,разрушиться
2159,разрывать,разорвать
2160,разрывать,разрыть
2161,разрываться,разорваться
2162,разряжать,разрядить
2163,разряжаться,разрядиться
2164,разучивать,разучить
2165,разъединять,разъединить
2166,разъезжаться,разъехаться
2167,разъяснять,разъяснить
2168,разыгрывать,разыграть
2169,разыгрываться,разыграться
2170,разыскивать,разыскать
2171,раскаиваться,раскаяться
2172,раскалывать,расколоть
2173,раскалываться,расколоться
2174,раскаляться,раскалиться
2175,раскапывать,раскопать
2176,раскатывать,раскатать
2177,раскачивать,раскачать
2178,раскидывать,раскинуть
2179,раскладывать,разложить
2180,раскладываться,разложиться
2181,расклеивать,расклеить
2182,раскрашивать,раскрасить
2183,раскрашивать,раскрошить
2184,раскручивать,раскрутить
2185,раскручиваться,раскрутиться
2186,раскрывать,раскрыть
2187,раскрываться,раскрыться
2188,раскупать,раскупить
2189,распадаться,распасться
2190,распаковывать,распаковать
2191,распахивать,распахать
2192,распахивать,распахнуть
2193,распахиваться,распахнуться
2194,распечатывать,распечатать
2195,распивать,распить
2196,распиливать,распилить
2197,распинать,распять
2198,расписывать,расписать
2199,расписываться,расписаться
2200,расплавлять,расплавить
2201,расплавляться,расплавиться
2202,расплачиваться,расплатиться
2203,распознавать,распознать
2204,располагать,расположить
2205,располагаться,расположиться
2206,распоряжаться,распорядиться
2207,расправлять,расправить
2208,расправляться,расправиться
2209,распределять,распределить
2210,распределяться,распределиться
2211,распродавать,распродать
2212,распространять,распространить
2213,распространяться,распространиться
2214,распугивать,распугать
2215,распускать,распустить
2216,распускаться,распуститься
2217,распутывать,распутать
2218,распылять,распылить
2219,рассаживать,рассадить
2220,рассаживаться,рассесться
2221,рассасываться,рассосаться
2222,рассеивать,рассеять
2223,рассеиваться,рассеяться
2224,рассекать,рассечь
2225,рассекречивать,рассекретить
2226,расселять,расселить
2227,расселяться,расселиться
2228,рассказывать,рассказать
2229,расслаблять,расслабить
2230,расслабляться,расслабиться
2231,рассматривать,рассмотреть
2232,расспрашивать,расспросить
2233,расставаться,расстаться
2234,расставлять,расставить
2235,расстилать,расстелить
2236,расстраивать,расстроить
2237,расстраиваться,расстроиться
2238,расстреливать,расстрелять
2239,расступаться,расступиться
2240,рассчитывать,рассчитать
2241,рассчитываться,рассчитаться
2242,рассылать,разослать
2243,рассыпать,рассыпать
2244,рассыпаться,рассыпаться
2245,растапливать,растопить
2246,растаскивать,растащить
2247,растворять,растворить
2248,растворяться,раствориться
2249,расторгать,расторгнуть
2250,растрачивать,растратить
2251,растрескиваться,растрескаться
2252,растягивать,растянуть
2253,растягиваться,растянуться
2254,расфасовывать,расфасовать
2255,расформировывать,расформировать
2256,расформировываться,расформироваться
2257,расхваливать,расхвалить
2258,расхищать,расхитить
2259,расходиться,разойтись
2260,расцветать,расцвести
2261,расценивать,расценить
2262,расчищать,расчистить
2263,расчленять,расчленить
2264,расшатывать,расшатать
2265,расширять,расширить
2266,расширяться,расшириться
2267,расшифровывать,расшифровать
2268,расщеплять,расщепить
2269,реализовывать,реализовать
2270,реализовываться,реализоваться
2271,реорганизовывать,реорганизовать
2272,реорганизовываться,реорганизоваться
2273,решать,решить
2274,решаться,решиться
2275,рожать,родить
2276,рождать,родить
2277,рождаться,родиться
2278,рукополагать,рукоположить
2279,садиться,сесть
2280,сбавлять,сбавить
2281,сбегать,сбежать
2282,сбегаться,сбежаться
2283,сберегать,сберечь
2284,сбивать,сбить
2285,сбиваться,сбиться
2286,сближать,сблизить
2287,сближаться,сблизиться
2288,сбрасывать,сбросить
2289,сбрасываться,сброситься
2290,сбривать,сбрить
2291,сбывать,сбыть
2292,сбываться,сбыться
2293,сваливать,свалить
2294,сваливаться,свалиться
2295,сваривать,сварить
2296,свариваться,свариться
2297,свергать,свергнуть
2298,свертывать,свернуть
2299,свертываться,свернуться
2300,свершаться,свершиться
2301,сверять,сверить
2302,сверяться,свериться
2303,свешиваться,свеситься
2304,сводить,свести
2305,сводиться,свестись
2306,свозить,свезти
2307,сворачивать,свернуть
2308,сворачиваться,свернуться
2309,связывать,связать
2310,связываться,связаться
2311,сгибать,согнуть
2312,сгибаться,согнуться
2313,сглаживать,сгладить
2314,сглаживаться,сгладиться
2315,сговариваться,сговориться
2316,сгонять,согнать
2317,сгорать,сгореть
2318,сгущать,сгустить
2319,сгущаться,сгуститься
2320,сдабривать,сдобрить
2321,сдавать,сдать
2322,сдаваться,сдаться
2323,сдавливать,сдавить
2324,сдвигать,сдвинуть
2325,сдвигаться,сдвинуться
2326,сдерживать,сдержать
2327,сдерживаться,сдержаться
2328,сдирать,содрать
2329,сдувать,сдуть
2330,сжигать,сжечь
2331,сжимать,сжать
2332,сжиматься,сжаться
2333,сказываться,сказаться
2334,скапливаться,скопиться
2335,скармливать,скормить
2336,скатывать,скатать
2337,скатываться,скатиться
2338,скачивать,скачать
2339,скашивать,скосить
2340,скидывать,скинуть
2341,скидываться,скинуться
2342,складывать,сложить
2343,складываться,сложиться
2344,склеивать,склеить
2345,склонять,склонить
2346,склоняться,склониться
2347,сковывать,сковать
2348,сколачивать,сколотить
2349,скрашивать,скрасить
2350,скреплять,скрепить
2351,скрещивать,скрестить
2352,скручивать,скрутить
2353,скрывать,скрыть
2354,скрываться,скрыться
2355,скупать,скупить
2356,слагать,сложить
2357,слезать,слезть
2358,слетать,слететь
2359,сливать,слить
2360,сливаться,слиться
2361,случаться,случиться
2362,смазывать,смазать
2363,смахивать,смахнуть
2364,смачивать,смочить
2365,сменять,сменить
2366,сменяться,смениться
2367,сметать,смести
2368,смешивать,смесить
2369,смешивать,смешать
2370,смешиваться,смеситься
2371,смешиваться,смешаться
2372,смещать,сместить
2373,смещаться,сместиться
2374,сминать,смять
2375,смиряться,смириться
2376,смолкать,смолкнуть
2377,смущать,смутить
2378,смущаться,смутиться
2379,смывать,смыть
2380,смыкать,сомкнуть
2381,смыкаться,сомкнуться
2382,смягчать,смягчить
2383,смягчаться,смягчиться
2384,снабжать,снабдить
2385,снаряжать,снарядить
2386,снижать,снизить
2387,снижаться,снизиться
2388,снимать,снять
2389,сниматься,сняться
2390,снисходить,снизойти
2391,сносить,снести
2392,собирать,собрать
2393,собираться,собраться
2394,соблазнять,соблазнить
2395,соблюдать,соблюсти
2396,совершать,совершить
2397,совершаться,совершиться
2398,совмещать,совместить
2399,совпадать,совпасть
2400,совращать,совратить
2401,согласовывать,согласовать
2402,соглашаться,согласиться
2403,согревать,согреть
2404,согреваться,согреться
2405,содрогаться,содрогнуться
2406,соединять,соединить
2407,соединяться,соединиться
2408,созваниваться,созвониться
2409,создавать,создать
2410,создаваться,создаться
2411,сознавать,сознать
2412,сознаваться,сознаться
2413,созревать,созреть
2414,созывать,созвать
2415,сокращать,сократить
2416,сокращаться,сократиться
2417,сокрушать,сокрушить
2418,соображать,сообразить
2419,сообщать,сообщить
2420,сообщаться,сообщиться
2421,сооружать,соорудить
2422,соотносить,соотнести
2423,сопоставлять,сопоставить
2424,соприкасаться,соприкоснуться
2425,сопровождать,сопроводить
2426,сопрягать,сопрячь
2427,соскальзывать,соскользнуть
2428,сосредотачивать,сосредоточить
2429,сосредотачиваться,сосредоточиться
2430,сосредоточивать,сосредоточить
2431,сосредоточиваться,сосредоточиться
2432,составлять,составить
2433,составляться,составиться
2434,сотрясать,сотрясти
2435,сохранять,сохранить
2436,сохраняться,сохраниться
2437,сочинять,сочинить
2438,спадать,спасть
2439,спаивать,спаять
2440,спариваться,спариться
2441,спасать,спасти
2442,спасаться,спастись
2443,спешиваться,спешиться
2444,спиваться,спиться
2445,спиливать,спилить
2446,списывать,списать
2447,списываться,списаться
2448,сплавлять,сплавить
2449,сплавляться,сплавиться
2450,сплачивать,сплотить
2451,сплачиваться,сплотиться
2452,сплетать,сплести
2453,сплетаться,сплестись
2454,сползать,сползти
2455,спотыкаться,споткнуться
2456,справлять,справить
2457,справляться,справиться
2458,спрашивать,спросить
2459,спрыгивать,спрыгнуть
2460,спрямлять,спрямить
2461,спускать,спустить
2462,спускаться,спуститься
2463,срабатывать,сработать
2464,сравнивать,сравнить
2465,сравнивать,сравнять
2466,сравнивать,сровнять
2467,сравниваться,сравняться
2468,сражать,сразить
2469,сражаться,сразиться
2470,срезать,срезать
2471,срезаться,срезаться
2472,срубать,срубить
2473,срывать,сорвать
2474,срывать,срыть
2475,срываться,сорваться
2476,ссужать,ссудить
2477,ссылать,сослать
2478,ссылаться,сослаться
2479,ссыпать,ссыпать
2480,сталкивать,столкнуть
2481,сталкиваться,столкнуться
2482,становиться,стать
2483,стаскивать,стащить
2484,стеснять,стеснить
2485,стирать,стереть
2486,стираться,стереться
2487,стихать,стихнуть
2488,стравливать,стравить
2489,стряхивать,стряхнуть
2490,ступать,ступить
2491,стягивать,стянуть
2492,стягиваться,стянуться
2493,сужать,сузить
2494,сужаться,сузиться
2495,суживаться,сузиться
2496,схватывать,схватить
2497,сходить,сойти
2498,сходиться,сойтись
2499,сцеплять,сцепить
2500,сцепляться,сцепиться
2501,считать,счесть
2502,считывать,считать
2503,счищать,счистить
2504,сшивать,сшить
2505,съедать,съесть
2506,съезжать,съехать
2507,съезжаться,съехаться
2508,трудоустраивать,трудоустроить
2509,убавлять,убавить
2510,убегать,убежать
2511,убеждать,убедить
2512,убеждаться,убедиться
2513,уберегать,уберечь
2514,убивать,убить
2515,убирать,убрать
2516,убираться,убраться
2517,ублажать,ублажить
2518,убывать,убыть
2519,уведомлять,уведомить
2520,увековечивать,увековечить
2521,увеличивать,увеличить
2522,увеличиваться,увеличиться
2523,увенчивать,увенчать
2524,увенчиваться,увенчаться
2525,уверять,уверить
2526,увлажнять,увлажнить
2527,увлекать,увлечь
2528,увлекаться,увлечься
2529,уводить,увести
2530,увозить,увезти
2531,увольнять,уволить
2532,увольняться,уволиться
2533,увязать,увязнуть
2534,увязывать,увязать
2535,увязываться,увязаться
2536,угадывать,угадать
2537,угасать,угаснуть
2538,углублять,углубить
2539,углубляться,углубиться
2540,уговаривать,уговорить
2541,угождать,угодить
2542,угонять,угнать
2543,угощать,угостить
2544,угощаться,угоститься
2545,удаваться,удаться
2546,удалять,удалить
2547,удаляться,удалиться
2548,ударять,ударить
2549,ударяться,удариться
2550,удваивать,удвоить
2551,удваиваться,удвоиться
2552,уделять,уделить
2553,удерживать,удержать
2554,удерживаться,удержаться
2555,удешевлять,удешевить
2556,удивлять,удивить
2557,удивляться,удивиться
2558,удирать,удрать
2559,удлинять,удлинить
2560,удлиняться,удлиниться
2561,удобрять,удобрить
2562,удовлетворять,удовлетворить
2563,удовлетворяться,удовлетвориться
2564,удостаивать,удостоить
2565,удостаиваться,удостоиться
2566,удостоверять,удостоверить
2567,удочерять,удочерить
2568,удушать,удушить
2569,уединяться,уединиться
2570,уезжать,уехать
2571,ужасать,ужаснуть
2572,ужасаться,ужаснуться
2573,ужесточать,ужесточить
2574,ужесточаться,ужесточиться
2575,уживаться,ужиться
2576,узаконивать,узаконить
2577,узнавать,узнать
2578,указывать,указать
2579,укладывать,уложить
2580,укладываться,улечься
2581,укладываться,уложиться
2582,уклоняться,уклониться
2583,укомплектовывать,укомплектовать
2584,укорачивать,укоротить
2585,укорачиваться,укоротиться
2586,укореняться,укорениться
2587,укорять,укорить
2588,украшать,украсить
2589,украшаться,украситься
2590,укреплять,укрепить
2591,укрепляться,укрепиться
2592,укрощать,укротить
2593,укрупнять,укрупнить
2594,укрывать,укрыть
2595,укрываться,укрыться
2596,улавливать,уловить
2597,улаживать,уладить
2598,улетать,улететь
2599,улетучиваться,улетучиться
2600,уличать,уличить
2601,улучшать,улучшить
2602,улучшаться,улучшиться
2603,улыбаться,улыбнуться
2604,умалчивать,умолчать
2605,умалять,умалить
2606,уменьшать,уменьшить
2607,уменьшаться,уменьшиться
2608,умерщвлять,умертвить
2609,умещаться,уместиться
2610,умирать,умереть
2611,умиротворять,умиротворить
2612,умножать,умножить
2613,умножаться,умножиться
2614,умолкать,умолкнуть
2615,умудряться,умудриться
2616,умывать,умыть
2617,умываться,умыться
2618,унижать,унизить
2619,уничтожать,уничтожить
2620,уносить,унести
2621,упаковывать,упаковать
2622,упирать,упереть
2623,упираться,упереться
2624,уплачивать,уплатить
2625,уплотнять,уплотнить
2626,уплывать,уплыть
2627,уподоблять,уподобить
2628,уподобляться,уподобиться
2629,уползать,уползти
2630,уполномочивать,уполномочить
2631,упоминать,упомянуть
2632,упорядочивать,упорядочить
2633,употреблять,употребить
2634,управляться,управиться
2635,упразднять,упразднить
2636,упрашивать,упросить
2637,упреждать,упредить
2638,упрекать,упрекнуть
2639,упрочнять,упрочнить
2640,упрощать,упростить
2641,упрощаться,упроститься
2642,упускать,упустить
2643,уравнивать,уравнять
2644,уравниваться,уравняться
2645,уравновешивать,уравновесить
2646,урезать,урезать
2647,усаживать,усадить
2648,усаживаться,усесться
2649,усваивать,усвоить
2650,усиливать,усилить
2651,усиливаться,усилиться
2652,ускользать,ускользнуть
2653,ускорять,ускорить
2654,ускоряться,ускориться
2655,усложнять,усложнить
2656,усложняться,усложниться
2657,усматривать,усмотреть
2658,усмехаться,усмехнуться
2659,усмирять,усмирить
2660,успевать,успеть
2661,успокаивать,успокоить
2662,успокаиваться,успокоиться
2663,усреднять,усреднить
2664,уставать,устать
2665,устанавливать,установить
2666,устанавливаться,установиться
2667,устаревать,устареть
2668,устилать,устлать
2669,устраивать,устроить
2670,устраиваться,устроиться
2671,устранять,устранить
2672,устраняться,устраниться
2673,устрашать,устрашить
2674,устремлять,устремить
2675,устремляться,устремиться
2676,уступать,уступить
2677,усугублять,усугубить
2678,усугубляться,усугубиться
2679,усыновлять,усыновить
2680,усыпать,усыпать
2681,усыплять,усыпить
2682,усыхать,усохнуть
2683,утаивать,утаить
2684,утаскивать,утащить
2685,утверждать,утвердить
2686,утверждаться,утвердиться
2687,утекать,утечь
2688,утеплять,утеплить
2689,утешать,утешить
2690,утешаться,утешиться
2691,утихать,утихнуть
2692,утолять,утолить
2693,утомлять,утомить
2694,утомляться,утомиться
2695,утопать,утонуть
2696,уточнять,уточнить
2697,утрамбовывать,утрамбовать
2698,утрачивать,утратить
2699,утрачиваться,утратиться
2700,утыкать,утыкать
2701,утягивать,утянуть
2702,утяжелять,утяжелить
2703,ухитряться,ухитриться
2704,уходить,уйти
2705,ухудшать,ухудшить
2706,ухудшаться,ухудшиться
2707,учащаться,участиться
2708,учинять,учинить
2709,учитывать,учесть
2710,учреждать,учредить
2711,ущемлять,ущемить
2712,хватать,хватить
2713,хвататься,хватиться
2714,являть,явить
2715,являться,явиться
